;Liczba krajowych banków komercyjnych;Liczba banków spó³dzielczych;Liczba oddzia³ów instytucji kredytowych;Liczba oddzia³ów;   W kraju;   Za granic¹;   W kraju;   Za granic¹;Liczba przedstawicielstw;   W kraju;   Za granic¹;Liczba zatrudnionych
31.12.2009;49;576;18;6 507;6 503;4;7 247;43;113;113;0;175 249
31.01.2010;48;576;19;6 837;6 833;4;7 077;40;35;35;0;173 966
28.02.2010;48;576;20;6 814;6 810;4;7 181;38;35;35;0;174 258
31.03.2010;49;576;20;6 893;6 889;4;6 988;39;46;46;0;175 497
30.04.2010;49;576;20;6 894;6 890;4;7 104;35;51;51;0;176 705
31.05.2010;49;576;20;6 870;6 866;4;6 963;35;36;36;0;176 411
30.06.2010;49;576;20;6 920;6 916;4;6 967;34;36;36;0;176 506
31.07.2010;49;576;21;6 866;6 862;4;6 923;34;30;30;0;176 654
31.08.2010;49;576;21;6 883;6 879;4;7 061;34;28;28;0;177 259
30.09.2010;49;576;21;6 935;6 931;4;7 067;34;31;31;0;177 060
31.10.2010;49;576;22;7 117;6 920;4;7 112;34;31;31;0;177 151
30.11.2010;49;576;21;6 910;6 906;4;7 118;44;28;28;0;177 233
31.12.2010;49;576;21;6 933;6 929;4;7 211;35;28;28;0;176 916
31.01.2011;49;575;21;7 365;7 361;4;7 081;35;28;28;0;177 260
28.02.2011;49;575;21;7 013;7 009;4;7 084;34;31;31;0;177 424
31.03.2011;48;575;21;7 014;7 010;4;7 072;38;28;28;0;177 562
30.04.2011;48;575;21;7 006;7 002;4;7 032;35;45;45;0;177 566
31.05.2011;48;575;21;7 004;7 001;3;6 932;36;30;30;0;177 401
30.06.2011;48;575;22;6 985;6 981;4;6 861;35;29;29;0;177 793
31.07.2011;48;575;22;7 031;7 027;4;6 830;35;28;28;0;178 101
31.08.2011;48;575;22;7 049;7 044;5;6 743;35;33;33;0;177 969
30.09.2011;48;575;21;7 039;7 034;5;6 762;35;33;33;0;177 936
31.10.2011;48;574;21;7 038;7 033;5;6 759;35;277;55;222;176 967
30.11.2011;47;574;22;7 042;7 037;5;6 690;35;32;32;0;177 082
31.12.2011;47;574;21;7 092;7 087;5;6 767;35;27;27;0;176 658
31.01.2012;47;573;21;7 023;7 018;5;6 712;35;32;32;0;176 563
29.02.2012;47;573;21;7 022;7 017;5;6 768;35;33;33;0;176 638
31.03.2012;47;573;21;7 037;7 032;5;6 769;35;26;26;0;176 635
30.04.2012;47;573;21;7 035;7 030;5;6 785;35;26;26;0;176 571
31.05.2012;47;573;21;6 997;6 992;5;6 829;35;27;27;0;176 364
30.06.2012;46;573;23;7 272;7 267;5;6 606;35;26;26;0;176 070
31.07.2012;46;573;23;7 260;7 255;5;6 628;35;34;34;0;175 588
31.08.2012;46;573;23;7 253;7 248;5;6 270;35;33;33;0;175 210
30.09.2012;46;573;24;7 347;7 343;4;6 227;35;33;33;0;175 166
31.10.2012;46;573;24;7 347;7 343;4;6 240;35;22;22;0;175 696
30.11.2012;46;573;25;7 350;7 346;4;6 241;35;19;19;0;175 872
31.12.2012;45;572;25;7 534;7 530;4;4 841;35;3 002;3 002;0;175 071
31.01.2013;43;572;26;7 348;7 344;4;5 002;35;3 047;3 047;0;174 668
28.02.2013;43;572;27;7 486;7 482;4;4 893;35;3 113;3 113;0;174 494
31.03.2013;43;572;28;7 451;7 447;4;4 908;35;3 083;3 083;0;174 481
30.04.2013;43;572;27;7 456;7 452;4;4 917;35;3 077;3 077;0;174 323
31.05.2013;43;572;27;7 412;7 408;4;4 968;35;3 036;3 036;0;173 855
30.06.2013;43;572;27;7 406;7 402;4;4 972;35;3 042;3 042;0;173 663
31.07.2013;42;572;27;7 389;7 385;4;4 986;35;3 020;3 020;0;174 022
31.08.2013;42;572;27;7 388;7 384;4;4 984;35;3 020;3 020;0;174 037
30.09.2013;42;572;28;7 364;7 360;4;4 985;35;2 980;2 980;0;174 347
31.10.2013;42;572;28;7 364;7 360;4;4 971;35;2 941;2 941;0;174 409
30.11.2013;41;572;28;7 354;7 350;4;4 978;35;2 954;2 954;0;174 457
31.12.2013;41;571;28;7 336;7 332;4;4 984;35;2 950;2 950;0;174 321
31.01.2014;40;570;28;7 313;7 309;4;4 962;35;2 940;2 940;0;173 822
28.02.2014;40;570;28;7 305;7 301;4;4 979;35;2 945;2 945;0;173 718
31.03.2014;40;569;28;7 315;7 311;4;4 990;30;2 932;2 932;0;173 547
30.04.2014;40;569;28;7 334;7 330;4;4 989;30;3 065;3 065;0;173 077
31.05.2014;40;569;28;7 317;7 313;4;4 981;32;3 056;3 056;0;173 128
30.06.2014;39;567;28;7 306;7 302;4;4 973;32;3 046;3 046;0;172 981
31.07.2014;39;566;28;7 296;7 292;4;4 960;32;3 031;3 031;0;172 999
31.08.2014;39;566;28;7 264;7 260;4;4 955;32;3 006;3 006;0;172 619
30.09.2014;39;566;28;7 262;7 258;4;4 947;32;2 991;2 991;0;172 696
31.10.2014;38;565;28;7 352;7 348;4;4 819;32;2 853;2 853;0;172 595
30.11.2014;38;565;28;7 319;7 315;4;4 825;32;2 842;2 842;0;172 664
31.12.2014;38;565;28;7 352;7 347;5;4 840;32;2 838;2 838;0;172 659
31.01.2015;38;564;28;7 340;7 336;4;4 841;32;2 808;2 808;0;172 311
28.02.2015;38;564;28;7 344;7 340;4;4 839;32;2 781;2 781;0;172 192
31.03.2015;38;563;28;7 344;7 340;4;4 833;32;2 779;2 779;0;172 029
30.04.2015;38;563;28;7 333;7 329;4;4 816;32;2 753;2 753;0;171 690
31.05.2015;38;563;29;7 322;7 318;4;4 810;32;2 717;2 717;0;171 228
30.06.2015;37;563;29;7 309;7 305;4;4 786;32;2 706;2 706;0;171 326
31.07.2015;37;562;29;7 282;7 278;4;4 685;35;2 661;2 661;0;171 014
31.08.2015;38;562;28;7 406;7 402;4;4 679;35;2 653;2 653;0;170 910
30.09.2015;38;562;28;7 318;7 314;4;4 660;35;2 639;2 639;0;170 508
31.10.2015;38;562;27;7 269;7 264;5;4 652;35;2 625;2 625;0;170 849
30.11.2015;38;561;27;7 245;7 240;5;4 652;35;2 607;2 607;0;170 803
31.12.2015;38;561;27;7 230;7 226;4;4 626;34;2 615;2 615;0;170 908
31.01.2016;38;560;26;7 448;7 444;4;4 283;34;2 618;2 618;0;172 773
29.02.2016;38;560;26;7 412;7 408;4;4 281;34;2 587;2 587;0;172 107
31.03.2016;38;560;26;7 475;7 471;4;4 208;36;2 583;2 583;0;171 586
30.04.2016;38;560;26;7 419;7 415;4;4 186;36;2 567;2 567;0;171 133
31.05.2016;37;560;26;7 364;7 360;4;4 172;36;2 660;2 660;0;170 623
30.06.2016;37;560;26;7 239;7 235;4;4 163;36;2 691;2 691;0;170 383
31.07.2016;37;560;26;7 189;7 184;5;4 156;36;2 998;2 998;0;169 505
31.08.2016;37;560;26;7 151;7 146;5;4 134;36;3 033;3 033;0;169 050
30.09.2016;37;560;26;7 138;7 133;5;4 098;36;2 990;2 990;0;169 316
31.10.2016;37;559;26;7 103;7 098;5;4 111;36;3 092;3 092;0;169 173
30.11.2016;36;559;27;7 104;7 099;5;4 394;36;2 813;2 813;0;169 076
31.12.2016;36;558;27;7 048;7 043;5;4 208;37;3 213;3 213;0;168 821
31.01.2017;36;558;27;7 012;7 007;5;4 131;37;3 195;3 195;0;168 303
28.02.2017;36;558;28;6 990;6 985;5;4 118;37;3 146;3 146;0;167 987
31.03.2017;36;558;28;6 932;6 927;5;4 112;37;3 061;3 061;0;167 995
30.04.2017;36;556;28;6 907;6 901;6;4 102;37;3 045;3 045;0;167 512
31.05.2017;35;556;29;6 869;6 863;6;4 095;37;3 020;3 020;0;166 993
30.06.2017;35;556;27;6 771;6 765;6;4 090;35;3 004;3 004;0;166 677
31.07.2017;35;555;27;6 758;6 752;6;3 966;35;2 994;2 994;0;165 984
31.08.2017;35;555;28;6 737;6 731;6;4 076;35;2 981;2 981;0;165 615
30.09.2017;35;555;28;6 736;6 730;6;4 085;35;2 987;2 987;0;165 446
31.10.2017;35;553;28;6 727;6 721;6;3 980;35;2 984;2 976;8;164 792
30.11.2017;35;553;28;6 705;6 699;6;3 958;35;2 982;2 974;8;164 848
31.12.2017;35;553;28;6 642;6 636;6;3 782;33;2 973;2 954;19;164 388
